{
    "version": 1.0,
    "configuration": {
        "has_webserver": false,
        "scoring": {
            "command": "bash .score.sh"
        },
        "ide_config": {
            "default_open_files": [],
            "project_menu": {
                "run": "Rscript prog.R",
                "install": "bash .install.sh",
                "test": "bash .testscript.sh"
            }
        },
        "readonly_paths": [
            ".testscript.sh",
            ".score.sh",
            ".install.sh"
        ]
    }
}